<dependencies>
  <packages>
    <package>com.google.android.gms:play-services-ads-identifier:18.1.0</package>
    <package>com.unity3d.ads:unity-ads:[4.12.0,4.13[</package>
    <package>com.unity3d.ads-mediation:mediation-sdk:8.5.0</package>
  </packages>
  <files />
  <settings>
    <setting name="androidAbis" value="armeabi-v7a" />
    <setting name="bundleId" value="com.DefaultCompany.FlappyBird" />
    <setting name="explodeAars" value="True" />
    <setting name="gradleBuildEnabled" value="True" />
    <setting name="gradleTemplateEnabled" value="False" />
    <setting name="installAndroidPackages" value="True" />
    <setting name="packageDir" value="Assets/Plugins/Android" />
    <setting name="patchAndroidManifest" value="True" />
    <setting name="patchMainTemplateGradle" value="True" />
    <setting name="projectExportEnabled" value="False" />
    <setting name="useJetifier" value="False" />
  </settings>
</dependencies>