﻿<?xml version="1.0" encoding="utf-8" ?>

<RuleDefinitionCollection>

	<!--Layer Numeric-->

	<RuleDefinition Category="Layer" Type="UnityEngine.GameObject" Property="layer" Kind="Numeric" Value="$LayerIndices" Suffix="$Layers" Popup="List" />
	<RuleDefinition Category="Layer" Type="UnityEngine.RenderParams" Property="layer" Kind="Numeric" Value="$LayerIndices" Suffix="$Layers" Popup="List" />
	<RuleDefinition Category="Layer" Type="UnityEngine.Rendering.BatchFilterSettings" Field="layer" Kind="Numeric" Value="$LayerIndices" Suffix="$Layers" Popup="List" />
	<RuleDefinition Category="Layer" Type="UnityEngine.Rendering.RayTracingMeshInstanceConfig" Field="layer" Kind="Numeric" Value="$LayerIndices" Suffix="$Layers" Popup="List" />
	<RuleDefinition Category="Layer" Type="UnityEngine.Rendering.RayTracingAABBsInstanceConfig" Property="layer" Kind="Numeric" Value="$LayerIndices" Suffix="$Layers" Popup="List" />
	<RuleDefinition Category="Layer" Type="UnityEngine.Rendering.RayTracingGeometryInstanceConfig" Property="layer" Kind="Numeric" Value="$LayerIndices" Suffix="$Layers" Popup="List" />

	<RuleDefinition Category="Layer" Type="UnityEngine.LayerMask" Method="LayerToName" Kind="Numeric" Value="$LayerIndices" Suffix="$Layers" Popup="List" Argument="layer" />

	<RuleDefinition Category="Layer" Type="UnityEditor.EditorGUILayout" Method="LayerField" Kind="Numeric" Argument="layer" Value="$LayerIndices" Suffix="$Layers" Popup="List" />

	<RuleDefinition Category="Layer" Type="UnityEditor.PhysicsVisualizationSettings" Method="GetShowCollisionLayer" Kind="Numeric" Argument="layer" Value="$LayerIndices" Suffix="$Layers" Popup="List" />
	<RuleDefinition Category="Layer" Type="UnityEditor.PhysicsVisualizationSettings" Method="SetShowCollisionLayer" Kind="Numeric" Argument="layer" Value="$LayerIndices" Suffix="$Layers" Popup="List" />

	<RuleDefinition Category="Layer" Type="UnityEngine.Rendering.ScriptableCullingParameters" Method="GetLayerCullingDistance" Kind="Numeric" Argument="layerIndex" Value="$LayerIndices" Suffix="$Layers" Popup="List" />
	<RuleDefinition Category="Layer" Type="UnityEngine.Rendering.ScriptableCullingParameters" Method="SetLayerCullingDistance" Kind="Numeric" Argument="layerIndex" Value="$LayerIndices" Suffix="$Layers" Popup="List" />

	<RuleDefinition Category="Layer" Type="UnityEngine.Physics2D" Method="GetIgnoreLayerCollision" Kind="Numeric" Argument="layer1" Value="$LayerIndices" Suffix="$Layers" Popup="List" />
	<RuleDefinition Category="Layer" Type="UnityEngine.Physics2D" Method="GetLayerCollisionMask" Kind="Numeric" Argument="layer" Value="$LayerIndices" Suffix="$Layers" Popup="List" />
	<RuleDefinition Category="Layer" Type="UnityEngine.Physics2D" Method="SetLayerCollisionMask" Kind="Numeric" Argument="layer" Value="$LayerIndices" Suffix="$Layers" Popup="List" />
	<RuleDefinition Category="Layer" Type="UnityEngine.Physics2D" Method="IgnoreLayerCollision" Kind="Numeric" Argument="layer1" Value="$LayerIndices" Suffix="$Layers" Popup="List" />

	<RuleDefinition Category="Layer" Type="UnityEngine.Physics" Method="GetIgnoreLayerCollision" Kind="Numeric" Argument="layer1" Value="$LayerIndices" Suffix="$Layers" Popup="List" />
	<RuleDefinition Category="Layer" Type="UnityEngine.Physics" Method="IgnoreLayerCollision" Kind="Numeric" Argument="layer1" Value="$LayerIndices" Suffix="$Layers" Popup="List" />


</RuleDefinitionCollection>
